{
  "baseThreshold": 100.0,
  "scalingFactors": {
    "en": 1.0,
    "zh": 0.22751310254668297,
    "ja": 0.3528622610683483,
    "de": 0.33820502083343285,
    "fr": 0.311066429619359,
    "ru": 0.31583649827606863,
    "it": 0.2566660925348473
  }
}