{
  "baseThreshold": 100.0,
  "scalingFactors": {
    "en": 1.0,
    "zh": 0.2260061375308655,
    "ja": 0.34808548479722046,
    "de": 0.3306635075544537,
    "fr": 0.30503715690447775,
    "ru": 0.3136120882831345,
    "it": 0.24972241501198314
  }
}