{
  "baseThreshold": 100.0,
  "scalingFactors": {
    "en": 1.0,
    "zh": 0.25978698846532317,
    "ja": 0.35768714315318034,
    "de": 0.3240862830716009,
    "fr": 0.3054357343284932,
    "ru": 0.32707825165503923,
    "it": 0.24590249800389732
  }
}