{
  "baseThreshold": 100.0,
  "scalingFactors": {
    "en": 1.0,
    "zh": 0.22700379493781098,
    "ja": 0.35206300044046196,
    "de": 0.3372823946322501,
    "fr": 0.31038978289636077,
    "ru": 0.31535260011585214,
    "it": 0.2558438593164755
  }
}