{
  "baseThreshold": 100.0,
  "scalingFactors": {
    "en": 1.0,
    "zh": 0.230932895284357,
    "ja": 0.35401260726515216,
    "de": 0.337760924610155,
    "fr": 0.31039116698950825,
    "ru": 0.3178092173993206,
    "it": 0.2571273027009037
  }
}