{
  "baseThreshold": 100.0,
  "scalingFactors": {
    "en": 1.0,
    "zh": 0.22707780198438424,
    "ja": 0.35012173894855325,
    "de": 0.317555564144821,
    "fr": 0.296777120074781,
    "ru": 0.307688499601881,
    "it": 0.2379284216234102
  }
}