{
  "baseThreshold": 100.0,
  "scalingFactors": {
    "en": 1.0,
    "zh": 0.2266034370304749,
    "ja": 0.34838606580691533,
    "de": 0.3290891700425409,
    "fr": 0.30372332802581037,
    "ru": 0.3136760224765909,
    "it": 0.2474506879519425
  }
}