{
  "baseThreshold": 100.0,
  "scalingFactors": {
    "en": 1.0,
    "zh": 0.22358384559111338,
    "ja": 0.35559615181642035,
    "de": 0.32286776963530817,
    "fr": 0.301097976184523,
    "ru": 0.3098927325601562,
    "it": 0.24010423866427963
  }
}