{
  "baseThreshold": 100.0,
  "scalingFactors": {
    "en": 1.0,
    "zh": 0.25267237716779184,
    "ja": 0.34798559023328735,
    "de": 0.32512656483806873,
    "fr": 0.3001608560195542,
    "ru": 0.3163093759546039,
    "it": 0.24146046397127985
  }
}