{
  "baseThreshold": 100.0,
  "scalingFactors": {
    "en": 1.0,
    "zh": 0.23524233631673008,
    "ja": 0.3497051285470563,
    "de": 0.32335842753567584,
    "fr": 0.29059322408205945,
    "ru": 0.30755548562769836,
    "it": 0.23399818771228728
  }
}