{
  "baseThreshold": 100.0,
  "scalingFactors": {
    "en": 1.0,
    "zh": 0.24616379506113314,
    "ja": 0.34950918888854465,
    "de": 0.32992154228317705,
    "fr": 0.3003381106792472,
    "ru": 0.30823735826669446,
    "it": 0.24539562356704694
  }
}