{
  "baseThreshold": 100.0,
  "scalingFactors": {
    "en": 1.0,
    "zh": 0.236276753652557,
    "ja": 0.3487178293054524,
    "de": 0.3160506146782267,
    "fr": 0.2956665904015444,
    "ru": 0.3090682079007725,
    "it": 0.23793862129935908
  }
}