{
  "baseThreshold": 100.0,
  "scalingFactors": {
    "en": 1.0,
    "zh": 0.2266480761456145,
    "ja": 0.34845301804487633,
    "de": 0.3287747516679025,
    "fr": 0.30336771865235734,
    "ru": 0.31404176238354153,
    "it": 0.2468731129626574
  }
}