{
  "baseThreshold": 100.0,
  "scalingFactors": {
    "en": 1.0,
    "zh": 0.24676380080772675,
    "ja": 0.3494430522393625,
    "de": 0.32986580807985366,
    "fr": 0.3002152645884318,
    "ru": 0.30834474714888915,
    "it": 0.24462507163708644
  }
}