{
  "baseThreshold": 100.0,
  "scalingFactors": {
    "en": 1.0,
    "zh": 0.2405759726709019,
    "ja": 0.3533539283065547,
    "de": 0.3200821932620616,
    "fr": 0.2936447991781438,
    "ru": 0.308787605533303,
    "it": 0.2347585478315942
  }
}