{
  "baseThreshold": 100.0,
  "scalingFactors": {
    "en": 1.0,
    "zh": 0.22606393672932365,
    "ja": 0.3511474309106871,
    "de": 0.32770379365201036,
    "fr": 0.30238357226889123,
    "ru": 0.31353685398845965,
    "it": 0.24523747054161843
  }
}