{
  "baseThreshold": 100.0,
  "scalingFactors": {
    "en": 1.0,
    "zh": 0.23373648608791356,
    "ja": 0.35319501701877215,
    "de": 0.32267844599808926,
    "fr": 0.293743003240384,
    "ru": 0.30843437370063825,
    "it": 0.23457806091669317
  }
}