{
  "baseThreshold": 100.0,
  "scalingFactors": {
    "en": 1.0,
    "zh": 0.24641214133384093,
    "ja": 0.34876732672353705,
    "de": 0.3289309618351144,
    "fr": 0.29981441312948115,
    "ru": 0.30827600817771034,
    "it": 0.24349626723594595
  }
}