{
  "baseThreshold": 100.0,
  "scalingFactors": {
    "en": 1.0,
    "zh": 0.235060568995047,
    "ja": 0.3576312341584813,
    "de": 0.3375941990819295,
    "fr": 0.3086435685552897,
    "ru": 0.31456677594500604,
    "it": 0.254513469670242
  }
}