{
  "baseThreshold": 100.0,
  "scalingFactors": {
    "en": 1.0,
    "zh": 0.25556851870198277,
    "ja": 0.35622422412994614,
    "de": 0.3238673759554298,
    "fr": 0.30512198608430025,
    "ru": 0.3264070692439446,
    "it": 0.2433630180143085
  }
}