{
  "baseThreshold": 100.0,
  "scalingFactors": {
    "en": 1.0,
    "zh": 0.22809530390388433,
    "ja": 0.3529446216643789,
    "de": 0.3390660589403673,
    "fr": 0.31151082009309733,
    "ru": 0.3162798201525087,
    "it": 0.25701058088054723
  }
}