{
  "baseThreshold": 100.0,
  "scalingFactors": {
    "en": 1.0,
    "zh": 0.25204841750589885,
    "ja": 0.3538217132256461,
    "de": 0.3230314199735698,
    "fr": 0.3033035583362877,
    "ru": 0.3222384776172654,
    "it": 0.2415835160075175
  }
}