{
  "baseThreshold": 100.0,
  "scalingFactors": {
    "en": 1.0,
    "zh": 0.23355336800416313,
    "ja": 0.34954463570930716,
    "de": 0.31518441029783373,
    "fr": 0.2946357843555015,
    "ru": 0.3092538779920075,
    "it": 0.23709476873327
  }
}