{
  "baseThreshold": 100.0,
  "scalingFactors": {
    "en": 1.0,
    "zh": 0.24162033714849687,
    "ja": 0.35102956951467773,
    "de": 0.3189565370687714,
    "fr": 0.2959781102504911,
    "ru": 0.30970405809435597,
    "it": 0.23384966475028096
  }
}