{
  "baseThreshold": 100.0,
  "scalingFactors": {
    "en": 1.0,
    "zh": 0.23319734425795993,
    "ja": 0.35838635088418425,
    "de": 0.33844803703133824,
    "fr": 0.3092532049007381,
    "ru": 0.31693653983080833,
    "it": 0.25607544169151825
  }
}