{
  "baseThreshold": 100.0,
  "scalingFactors": {
    "en": 1.0,
    "zh": 0.22420043085291577,
    "ja": 0.3558069799681207,
    "de": 0.325518583398841,
    "fr": 0.300310759674331,
    "ru": 0.3108997789481497,
    "it": 0.23935993869821834
  }
}