{
  "baseThreshold": 100.0,
  "scalingFactors": {
    "en": 1.0,
    "zh": 0.22309441490503715,
    "ja": 0.3539400934553617,
    "de": 0.3251567477673416,
    "fr": 0.30040727625121283,
    "ru": 0.3119104181258708,
    "it": 0.24023264582661394
  }
}