{
  "baseThreshold": 100.0,
  "scalingFactors": {
    "en": 1.0,
    "zh": 0.2354520623770054,
    "ja": 0.35638657803709606,
    "de": 0.338263662294897,
    "fr": 0.3095493169688771,
    "ru": 0.3136998185069625,
    "it": 0.2544835832994118
  }
}