{
  "baseThreshold": 100.0,
  "scalingFactors": {
    "en": 1.0,
    "zh": 0.23680771849728227,
    "ja": 0.3543979262557847,
    "de": 0.3229638722525826,
    "fr": 0.29686955948573257,
    "ru": 0.3090209846328267,
    "it": 0.2342349960400303
  }
}