{
  "baseThreshold": 100.0,
  "scalingFactors": {
    "en": 1.0,
    "zh": 0.22477509058439737,
    "ja": 0.3514427861627171,
    "de": 0.3269352210963483,
    "fr": 0.302201117686421,
    "ru": 0.3125834927838583,
    "it": 0.24418293051168935
  }
}