{
  "baseThreshold": 100.0,
  "scalingFactors": {
    "en": 1.0,
    "zh": 0.2358112160712627,
    "ja": 0.35308829962803473,
    "de": 0.3225274152098286,
    "fr": 0.29499273212689525,
    "ru": 0.3081292348140344,
    "it": 0.23459990012250287
  }
}