{
  "baseThreshold": 100.0,
  "scalingFactors": {
    "en": 1.0,
    "zh": 0.23610560767703723,
    "ja": 0.35270691920340524,
    "de": 0.3226635850288418,
    "fr": 0.2948705698637847,
    "ru": 0.30802603568319614,
    "it": 0.23429481956079906
  }
}