{
  "baseThreshold": 100.0,
  "scalingFactors": {
    "en": 1.0,
    "zh": 0.25396016809015515,
    "ja": 0.35501256636443207,
    "de": 0.32398537246123693,
    "fr": 0.30510243545278737,
    "ru": 0.3254560318017519,
    "it": 0.24356467375954347
  }
}