{
  "baseThreshold": 100.0,
  "scalingFactors": {
    "en": 1.0,
    "zh": 0.22811764231383735,
    "ja": 0.3501398887605558,
    "de": 0.31683496686649654,
    "fr": 0.2957282338738491,
    "ru": 0.30739315736902495,
    "it": 0.2373906952301254
  }
}