{
  "baseThreshold": 100.0,
  "scalingFactors": {
    "en": 1.0,
    "zh": 0.23441133262135538,
    "ja": 0.3518130590920898,
    "de": 0.32317348998958506,
    "fr": 0.2929649353124411,
    "ru": 0.30862347174013227,
    "it": 0.23500014204512673
  }
}