{
  "baseThreshold": 100.0,
  "scalingFactors": {
    "en": 1.0,
    "zh": 0.23550866381796046,
    "ja": 0.35030601233265574,
    "de": 0.32380632331782516,
    "fr": 0.29113095583945364,
    "ru": 0.30783075480161387,
    "it": 0.2345053584966271
  }
}