{
  "baseThreshold": 100.0,
  "scalingFactors": {
    "en": 1.0,
    "zh": 0.2233780606800388,
    "ja": 0.3550360534334189,
    "de": 0.3228553916041598,
    "fr": 0.30076439910585806,
    "ru": 0.3096911348602341,
    "it": 0.24006189784770388
  }
}