{
  "baseThreshold": 100.0,
  "scalingFactors": {
    "en": 1.0,
    "zh": 0.2513759376633984,
    "ja": 0.34598403073359685,
    "de": 0.3273093452977519,
    "fr": 0.3016994356317781,
    "ru": 0.3135097573942996,
    "it": 0.24271607753296906
  }
}