{
  "baseThreshold": 100.0,
  "scalingFactors": {
    "en": 1.0,
    "zh": 0.2232876354110853,
    "ja": 0.35405932611974256,
    "de": 0.3254043034978091,
    "fr": 0.30064102544585203,
    "ru": 0.3116019950480623,
    "it": 0.2402682177406886
  }
}