{
  "baseThreshold": 100.0,
  "scalingFactors": {
    "en": 1.0,
    "zh": 0.24107092698965574,
    "ja": 0.34939665593147734,
    "de": 0.3173993403023759,
    "fr": 0.2944199739559408,
    "ru": 0.30907696912543403,
    "it": 0.23285554832903013
  }
}