{
  "baseThreshold": 100.0,
  "scalingFactors": {
    "en": 1.0,
    "zh": 0.2233703177829824,
    "ja": 0.35304562390592575,
    "de": 0.32601858416644264,
    "fr": 0.301564463692506,
    "ru": 0.31337863942007216,
    "it": 0.24235294287343945
  }
}