{
  "baseThreshold": 100.0,
  "scalingFactors": {
    "en": 1.0,
    "zh": 0.22362021645062127,
    "ja": 0.3554546925188405,
    "de": 0.32274268689284896,
    "fr": 0.3011228159454006,
    "ru": 0.3097771225281307,
    "it": 0.2398392833424114
  }
}