{
  "baseThreshold": 100.0,
  "scalingFactors": {
    "en": 1.0,
    "zh": 0.2437926936470577,
    "ja": 0.35444043890713617,
    "de": 0.322660630794654,
    "fr": 0.29968045222463147,
    "ru": 0.30974852712099427,
    "it": 0.2362675634171234
  }
}