{
  "baseThreshold": 100.0,
  "scalingFactors": {
    "en": 1.0,
    "zh": 0.23149600250818841,
    "ja": 0.34925315244463073,
    "de": 0.3153041558735411,
    "fr": 0.2945803810080161,
    "ru": 0.3089386358927215,
    "it": 0.23704215048080657
  }
}