{
  "baseThreshold": 100.0,
  "scalingFactors": {
    "en": 1.0,
    "zh": 0.2385391204189807,
    "ja": 0.3522709907788891,
    "de": 0.3386119621705344,
    "fr": 0.30726448102938775,
    "ru": 0.311865517118778,
    "it": 0.2529079781566624
  }
}