{
  "baseThreshold": 100.0,
  "scalingFactors": {
    "en": 1.0,
    "zh": 0.2530311179512109,
    "ja": 0.34930114748734525,
    "de": 0.32486917014142747,
    "fr": 0.30083772062654524,
    "ru": 0.31746854109051664,
    "it": 0.24156168833756053
  }
}