{
  "baseThreshold": 100.0,
  "scalingFactors": {
    "en": 1.0,
    "zh": 0.2393610191381514,
    "ja": 0.3532463251704988,
    "de": 0.3212619834933807,
    "fr": 0.296739913467308,
    "ru": 0.30858850771151614,
    "it": 0.23442540143839394
  }
}