{
  "baseThreshold": 100.0,
  "scalingFactors": {
    "en": 1.0,
    "zh": 0.2229242623361653,
    "ja": 0.3553983129840008,
    "de": 0.3238428413511273,
    "fr": 0.30078510203479897,
    "ru": 0.30948728274548365,
    "it": 0.2399321102887142
  }
}