{
  "baseThreshold": 100.0,
  "scalingFactors": {
    "en": 1.0,
    "zh": 0.2301196368923626,
    "ja": 0.34921464285676906,
    "de": 0.315711349900778,
    "fr": 0.2947330028145825,
    "ru": 0.30931868484387526,
    "it": 0.2375559266663847
  }
}