{
  "baseThreshold": 100.0,
  "scalingFactors": {
    "en": 1.0,
    "zh": 0.228882686238896,
    "ja": 0.350255032056165,
    "de": 0.31680960016079857,
    "fr": 0.29559046675928874,
    "ru": 0.3074447745228277,
    "it": 0.23744576546377877
  }
}