{
  "baseThreshold": 100.0,
  "scalingFactors": {
    "en": 1.0,
    "zh": 0.23389401105629495,
    "ja": 0.3503376315342559,
    "de": 0.3231236244355398,
    "fr": 0.29260582233675764,
    "ru": 0.3071025859476857,
    "it": 0.23369493897642485
  }
}