{
  "baseThreshold": 100.0,
  "scalingFactors": {
    "en": 1.0,
    "zh": 0.24028300321024848,
    "ja": 0.3514408346224737,
    "de": 0.3375898342022943,
    "fr": 0.30589502461385987,
    "ru": 0.31154534451454424,
    "it": 0.25173748237532495
  }
}