{
  "baseThreshold": 100.0,
  "scalingFactors": {
    "en": 1.0,
    "zh": 0.23697735907049405,
    "ja": 0.35335213530395426,
    "de": 0.33849934081050903,
    "fr": 0.3089444778427074,
    "ru": 0.3122459968628889,
    "it": 0.2537304901183623
  }
}