{
  "baseThreshold": 100.0,
  "scalingFactors": {
    "en": 1.0,
    "zh": 0.24323824485517248,
    "ja": 0.34921706719787604,
    "de": 0.33397525992095284,
    "fr": 0.3029946438113298,
    "ru": 0.31005942233728134,
    "it": 0.24961602398001728
  }
}