{
  "baseThreshold": 100.0,
  "scalingFactors": {
    "en": 1.0,
    "zh": 0.22560366746538524,
    "ja": 0.3497166153425058,
    "de": 0.333646090708992,
    "fr": 0.3075142086584175,
    "ru": 0.31370549234279493,
    "it": 0.2535310117455454
  }
}