{
  "baseThreshold": 100.0,
  "scalingFactors": {
    "en": 1.0,
    "zh": 0.22628626329905624,
    "ja": 0.34800512540324674,
    "de": 0.3300890039497801,
    "fr": 0.3048030761286642,
    "ru": 0.31354525643601344,
    "it": 0.24872562913811785
  }
}