{
  "baseThreshold": 100.0,
  "scalingFactors": {
    "en": 1.0,
    "zh": 0.2449823520549308,
    "ja": 0.3495122739521921,
    "de": 0.33172497149629915,
    "fr": 0.3018079691033107,
    "ru": 0.3088992162386968,
    "it": 0.2480444746412687
  }
}