{
  "baseThreshold": 100.0,
  "scalingFactors": {
    "en": 1.0,
    "zh": 0.2359076048871339,
    "ja": 0.35111731205077235,
    "de": 0.3238459135562251,
    "fr": 0.29131022003393814,
    "ru": 0.3081997797558829,
    "it": 0.23464182776882897
  }
}