{
  "baseThreshold": 100.0,
  "scalingFactors": {
    "en": 1.0,
    "zh": 0.24320927615573187,
    "ja": 0.3546502095804649,
    "de": 0.3228453751261198,
    "fr": 0.29962333953058334,
    "ru": 0.30995289497845724,
    "it": 0.23644152632919763
  }
}