{
  "baseThreshold": 100.0,
  "scalingFactors": {
    "en": 1.0,
    "zh": 0.2455709081714486,
    "ja": 0.3494053166340482,
    "de": 0.3309219941764662,
    "fr": 0.30050103083924495,
    "ru": 0.3085554269631069,
    "it": 0.24710442329239998
  }
}