{
  "baseThreshold": 100.0,
  "scalingFactors": {
    "en": 1.0,
    "zh": 0.2517339330265539,
    "ja": 0.3528997343594582,
    "de": 0.32311702596782466,
    "fr": 0.3038439329332538,
    "ru": 0.322849852964928,
    "it": 0.2425627267566907
  }
}