{
  "baseThreshold": 100.0,
  "scalingFactors": {
    "en": 1.0,
    "zh": 0.24668086031799666,
    "ja": 0.3489611510631412,
    "de": 0.32922904423531973,
    "fr": 0.3004473073582509,
    "ru": 0.30875331930530747,
    "it": 0.2437422318535354
  }
}