{
  "baseThreshold": 100.0,
  "scalingFactors": {
    "en": 1.0,
    "zh": 0.23462361082785588,
    "ja": 0.352427693985121,
    "de": 0.32287322608029756,
    "fr": 0.29341606480174665,
    "ru": 0.3084660106299198,
    "it": 0.2347370002236348
  }
}