{
  "baseThreshold": 100.0,
  "scalingFactors": {
    "en": 1.0,
    "zh": 0.24248423017815723,
    "ja": 0.3516813485305029,
    "de": 0.32073457464387356,
    "fr": 0.2972507567281778,
    "ru": 0.3100656751376608,
    "it": 0.234375136634039
  }
}