{
  "baseThreshold": 100.0,
  "scalingFactors": {
    "en": 1.0,
    "zh": 0.24041413796028235,
    "ja": 0.34764865444834037,
    "de": 0.31691468216982055,
    "fr": 0.2949319762741562,
    "ru": 0.3087407657567463,
    "it": 0.23669723789487615
  }
}