{
  "baseThreshold": 100.0,
  "scalingFactors": {
    "en": 1.0,
    "zh": 0.22270623571807102,
    "ja": 0.3530979735940173,
    "de": 0.3256362206685774,
    "fr": 0.30119716449345474,
    "ru": 0.31316086733470805,
    "it": 0.24139985539490855
  }
}