{
  "baseThreshold": 100.0,
  "scalingFactors": {
    "en": 1.0,
    "zh": 0.23420037923578207,
    "ja": 0.3584942207777732,
    "de": 0.33819287290287486,
    "fr": 0.309071339797274,
    "ru": 0.3159372036340822,
    "it": 0.25543275359155376
  }
}