{
  "baseThreshold": 100.0,
  "scalingFactors": {
    "en": 1.0,
    "zh": 0.2416789998417368,
    "ja": 0.3520612715664311,
    "de": 0.3210273834687315,
    "fr": 0.2992954317746704,
    "ru": 0.31023885305810844,
    "it": 0.23522789185935158
  }
}