{
  "baseThreshold": 100.0,
  "scalingFactors": {
    "en": 1.0,
    "zh": 0.23205934481275944,
    "ja": 0.3552880641190409,
    "de": 0.337953801323599,
    "fr": 0.30916171674468923,
    "ru": 0.31735424593115696,
    "it": 0.2566162698768646
  }
}