{
  "baseThreshold": 100.0,
  "scalingFactors": {
    "en": 1.0,
    "zh": 0.24118116176866006,
    "ja": 0.3521382038639016,
    "de": 0.3219557927401063,
    "fr": 0.2979533049826668,
    "ru": 0.3084398039742252,
    "it": 0.23525904591103217
  }
}