{
  "baseThreshold": 100.0,
  "scalingFactors": {
    "en": 1.0,
    "zh": 0.22262892625616795,
    "ja": 0.3563774697502243,
    "de": 0.32467867046129006,
    "fr": 0.30007957695188175,
    "ru": 0.3098308104542111,
    "it": 0.2391644760752551
  }
}