{
  "baseThreshold": 100.0,
  "scalingFactors": {
    "en": 1.0,
    "zh": 0.22246456207003107,
    "ja": 0.35366735069756794,
    "de": 0.32536067380615025,
    "fr": 0.30041245053355786,
    "ru": 0.312601928997618,
    "it": 0.24048869239839663
  }
}