{
  "baseThreshold": 100.0,
  "scalingFactors": {
    "en": 1.0,
    "zh": 0.23479530037676483,
    "ja": 0.3514669916330406,
    "de": 0.3238676176260661,
    "fr": 0.29219923677662735,
    "ru": 0.30845122084354454,
    "it": 0.2346830091951183
  }
}