{
  "baseThreshold": 100.0,
  "scalingFactors": {
    "en": 1.0,
    "zh": 0.22953244700878023,
    "ja": 0.3536179618650626,
    "de": 0.3385168694709242,
    "fr": 0.31099932104760913,
    "ru": 0.31887051460086574,
    "it": 0.2574249410566437
  }
}