{
  "baseThreshold": 100.0,
  "scalingFactors": {
    "en": 1.0,
    "zh": 0.2517903479624559,
    "ja": 0.35372293247409664,
    "de": 0.3234827960552507,
    "fr": 0.30372650475117463,
    "ru": 0.32353076763287303,
    "it": 0.24307949162147702
  }
}