{
  "baseThreshold": 100.0,
  "scalingFactors": {
    "en": 1.0,
    "zh": 0.25785783140756435,
    "ja": 0.35744755490271385,
    "de": 0.3242286870980978,
    "fr": 0.30653449769567087,
    "ru": 0.32733240184536594,
    "it": 0.24560884905071287
  }
}