{
  "baseThreshold": 100.0,
  "scalingFactors": {
    "en": 1.0,
    "zh": 0.241723939272668,
    "ja": 0.3524998533041906,
    "de": 0.3214313210530441,
    "fr": 0.29841819563519656,
    "ru": 0.31037461438831254,
    "it": 0.23524240457964402
  }
}