{
  "baseThreshold": 100.0,
  "scalingFactors": {
    "en": 1.0,
    "zh": 0.23602019188506956,
    "ja": 0.3528357159697893,
    "de": 0.3227455886440843,
    "fr": 0.29361068067069784,
    "ru": 0.3086206387972591,
    "it": 0.23494528448316682
  }
}