{
  "baseThreshold": 100.0,
  "scalingFactors": {
    "en": 1.0,
    "zh": 0.23583946246407186,
    "ja": 0.3539181499851874,
    "de": 0.32291636220945985,
    "fr": 0.29580771954158314,
    "ru": 0.30862498319318477,
    "it": 0.2346576064145235
  }
}