{
  "baseThreshold": 100.0,
  "scalingFactors": {
    "en": 1.0,
    "zh": 0.22456066651265208,
    "ja": 0.35462594323308944,
    "de": 0.3256432532098933,
    "fr": 0.30061218311996557,
    "ru": 0.31093376313199705,
    "it": 0.2396704685798494
  }
}