{
  "baseThreshold": 100.0,
  "scalingFactors": {
    "en": 1.0,
    "zh": 0.22992197015942858,
    "ja": 0.349252611376847,
    "de": 0.3161584485074559,
    "fr": 0.2954240881857124,
    "ru": 0.30867807936196423,
    "it": 0.23724435733975208
  }
}