{
  "baseThreshold": 100.0,
  "scalingFactors": {
    "en": 1.0,
    "zh": 0.25233331650746244,
    "ja": 0.35320940286186475,
    "de": 0.32274664523120156,
    "fr": 0.30253135348166244,
    "ru": 0.32154494336059264,
    "it": 0.24089370821358946
  }
}