{
  "baseThreshold": 100.0,
  "scalingFactors": {
    "en": 1.0,
    "zh": 0.243732708852864,
    "ja": 0.3494717288556486,
    "de": 0.3334288948474826,
    "fr": 0.30278837100697875,
    "ru": 0.30978840036286664,
    "it": 0.249207650685997
  }
}