{
  "baseThreshold": 100.0,
  "scalingFactors": {
    "en": 1.0,
    "zh": 0.2225903932445394,
    "ja": 0.35364247750263955,
    "de": 0.32524485937996983,
    "fr": 0.3005310670596704,
    "ru": 0.31286207707261793,
    "it": 0.24057083625228648
  }
}