{
  "baseThreshold": 100.0,
  "scalingFactors": {
    "en": 1.0,
    "zh": 0.23659195350094034,
    "ja": 0.35283579809848425,
    "de": 0.3220563619693954,
    "fr": 0.29408345029635974,
    "ru": 0.3082536875318835,
    "it": 0.23385952197850937
  }
}