{
  "baseThreshold": 100.0,
  "scalingFactors": {
    "en": 1.0,
    "zh": 0.22627964526535557,
    "ja": 0.3496970269835473,
    "de": 0.32856185102247404,
    "fr": 0.3023034364963974,
    "ru": 0.31394362969699063,
    "it": 0.24589224370969326
  }
}