{
  "baseThreshold": 100.0,
  "scalingFactors": {
    "en": 1.0,
    "zh": 0.23370192326729194,
    "ja": 0.35258660622538945,
    "de": 0.3245211390879247,
    "fr": 0.2938885035111247,
    "ru": 0.30826794415628556,
    "it": 0.23459021924202766
  }
}