{
  "baseThreshold": 100.0,
  "scalingFactors": {
    "en": 1.0,
    "zh": 0.23556290570998975,
    "ja": 0.3523296513885057,
    "de": 0.32235244272207403,
    "fr": 0.29394576989733806,
    "ru": 0.3084598225794969,
    "it": 0.23429443955804566
  }
}