{
  "baseThreshold": 100.0,
  "scalingFactors": {
    "en": 1.0,
    "zh": 0.2243449972922636,
    "ja": 0.3522414742485572,
    "de": 0.32606534936125714,
    "fr": 0.30138608161158986,
    "ru": 0.3129290779614466,
    "it": 0.2428421929527241
  }
}