{
  "baseThreshold": 100.0,
  "scalingFactors": {
    "en": 1.0,
    "zh": 0.23940452843979468,
    "ja": 0.34718982036422186,
    "de": 0.3168487699777436,
    "fr": 0.2953725382240176,
    "ru": 0.3085395873597607,
    "it": 0.23736666600662645
  }
}