{
  "baseThreshold": 100.0,
  "scalingFactors": {
    "en": 1.0,
    "zh": 0.25170277081917786,
    "ja": 0.347084105903639,
    "de": 0.326722575236113,
    "fr": 0.3012363779477815,
    "ru": 0.31547430874770194,
    "it": 0.24189668279387236
  }
}