{
  "baseThreshold": 100.0,
  "scalingFactors": {
    "en": 1.0,
    "zh": 0.25986263664050535,
    "ja": 0.35769792620722635,
    "de": 0.32416736713394234,
    "fr": 0.3046376473161068,
    "ru": 0.3269532206525923,
    "it": 0.24553351059982842
  }
}