{
  "baseThreshold": 100.0,
  "scalingFactors": {
    "en": 1.0,
    "zh": 0.2564198153622019,
    "ja": 0.3573491872241925,
    "de": 0.32435167790308184,
    "fr": 0.307439940668458,
    "ru": 0.3273142767562364,
    "it": 0.2452895985183803
  }
}