{
  "baseThreshold": 100.0,
  "scalingFactors": {
    "en": 1.0,
    "zh": 0.22537110001575605,
    "ja": 0.3489330509110057,
    "de": 0.3327034107494826,
    "fr": 0.3060871826005349,
    "ru": 0.3134767979916861,
    "it": 0.2524071767153743
  }
}