{
  "baseThreshold": 100.0,
  "scalingFactors": {
    "en": 1.0,
    "zh": 0.24225464704627223,
    "ja": 0.3528526801468358,
    "de": 0.3213019064510405,
    "fr": 0.2984159757382543,
    "ru": 0.30875918994901974,
    "it": 0.2358699300114766
  }
}