{
  "baseThreshold": 100.0,
  "scalingFactors": {
    "en": 1.0,
    "zh": 0.23768658536585266,
    "ja": 0.35240427277702835,
    "de": 0.3212278270660032,
    "fr": 0.29352222160527897,
    "ru": 0.3083065148078861,
    "it": 0.23432741652799718
  }
}