{
  "baseThreshold": 100.0,
  "scalingFactors": {
    "en": 1.0,
    "zh": 0.22620432055185602,
    "ja": 0.35083948908184975,
    "de": 0.31848277465057384,
    "fr": 0.2972861777459183,
    "ru": 0.3086344904368939,
    "it": 0.23842624412339636
  }
}