{
  "baseThreshold": 100.0,
  "scalingFactors": {
    "en": 1.0,
    "zh": 0.23614952599985406,
    "ja": 0.3543347821128912,
    "de": 0.3229478308159035,
    "fr": 0.29628053082494493,
    "ru": 0.3088947839355915,
    "it": 0.23446940543911435
  }
}