{
  "baseThreshold": 100.0,
  "scalingFactors": {
    "en": 1.0,
    "zh": 0.2569502698043353,
    "ja": 0.3574783707145599,
    "de": 0.3240014893881311,
    "fr": 0.30707749463519934,
    "ru": 0.3271286199235382,
    "it": 0.24500771869975502
  }
}