{
  "baseThreshold": 100.0,
  "scalingFactors": {
    "en": 1.0,
    "zh": 0.23751735945246236,
    "ja": 0.35449676141733616,
    "de": 0.32193648852659557,
    "fr": 0.29669222953659097,
    "ru": 0.3091134922296966,
    "it": 0.23436719819424912
  }
}