{
  "baseThreshold": 100.0,
  "scalingFactors": {
    "en": 1.0,
    "zh": 0.2405221316715804,
    "ja": 0.348219139011613,
    "de": 0.31713427751873835,
    "fr": 0.2944510303942134,
    "ru": 0.3090270260566986,
    "it": 0.23437265346498362
  }
}