{
  "baseThreshold": 100.0,
  "scalingFactors": {
    "en": 1.0,
    "zh": 0.2334882913549445,
    "ja": 0.35107546215487845,
    "de": 0.3236616713400156,
    "fr": 0.29277416088127656,
    "ru": 0.3073430009456311,
    "it": 0.2338794434972484
  }
}