{
  "baseThreshold": 100.0,
  "scalingFactors": {
    "en": 1.0,
    "zh": 0.24764048130727953,
    "ja": 0.34931821238982563,
    "de": 0.3294237331596453,
    "fr": 0.3012659498239573,
    "ru": 0.30988239863227024,
    "it": 0.24367161115697175
  }
}