{
  "baseThreshold": 100.0,
  "scalingFactors": {
    "en": 1.0,
    "zh": 0.24451616266904275,
    "ja": 0.34963765780385686,
    "de": 0.3325025294928611,
    "fr": 0.3020631744677027,
    "ru": 0.3095313985310683,
    "it": 0.24868562006606548
  }
}