{
  "baseThreshold": 100.0,
  "scalingFactors": {
    "en": 1.0,
    "zh": 0.2429340171311228,
    "ja": 0.35365060439788654,
    "de": 0.32189833759746905,
    "fr": 0.2993901181138153,
    "ru": 0.31035456099784836,
    "it": 0.23606163165007038
  }
}