{
  "baseThreshold": 100.0,
  "scalingFactors": {
    "en": 1.0,
    "zh": 0.22668533736102772,
    "ja": 0.35156840356172997,
    "de": 0.3361038841326716,
    "fr": 0.30924945880551913,
    "ru": 0.3153761841531944,
    "it": 0.2548520332492353
  }
}