{
  "baseThreshold": 100.0,
  "scalingFactors": {
    "en": 1.0,
    "zh": 0.2358454731364121,
    "ja": 0.35500812570780543,
    "de": 0.3378973172635485,
    "fr": 0.3090426777300372,
    "ru": 0.3131083338197433,
    "it": 0.2541309469651125
  }
}