{
  "baseThreshold": 100.0,
  "scalingFactors": {
    "en": 1.0,
    "zh": 0.24297571483214347,
    "ja": 0.3542103872234238,
    "de": 0.32281501037307425,
    "fr": 0.29967223288857453,
    "ru": 0.3100849872809345,
    "it": 0.2360911698818094
  }
}