{
  "baseThreshold": 100.0,
  "scalingFactors": {
    "en": 1.0,
    "zh": 0.22515990049619938,
    "ja": 0.3516827173140005,
    "de": 0.3193780685034108,
    "fr": 0.2980521406269851,
    "ru": 0.3090969901286384,
    "it": 0.2388720484565249
  }
}