{
  "baseThreshold": 100.0,
  "scalingFactors": {
    "en": 1.0,
    "zh": 0.2260619995527792,
    "ja": 0.3483421131707619,
    "de": 0.3318497825049102,
    "fr": 0.30552718777021376,
    "ru": 0.3134961832543046,
    "it": 0.25083313547123304
  }
}