{
  "baseThreshold": 100.0,
  "scalingFactors": {
    "en": 1.0,
    "zh": 0.2314438609943857,
    "ja": 0.3541317398175811,
    "de": 0.3373331909379717,
    "fr": 0.30975443315446344,
    "ru": 0.3174841286064505,
    "it": 0.2567855855555635
  }
}