{
  "baseThreshold": 100.0,
  "scalingFactors": {
    "en": 1.0,
    "zh": 0.22988085209067263,
    "ja": 0.34921040138395626,
    "de": 0.3158174836907354,
    "fr": 0.2951475733729969,
    "ru": 0.30881595459917416,
    "it": 0.23724228207959935
  }
}