{
  "baseThreshold": 100.0,
  "scalingFactors": {
    "en": 1.0,
    "zh": 0.2285971393940056,
    "ja": 0.35320125445128575,
    "de": 0.3394334625677228,
    "fr": 0.3115976327608794,
    "ru": 0.3172079520437923,
    "it": 0.2570228280956915
  }
}