{
  "baseThreshold": 100.0,
  "scalingFactors": {
    "en": 1.0,
    "zh": 0.23500222963539244,
    "ja": 0.34906460599560396,
    "de": 0.3230355144503833,
    "fr": 0.29031174499098383,
    "ru": 0.3075248775122059,
    "it": 0.23410005301320944
  }
}