{
  "baseThreshold": 100.0,
  "scalingFactors": {
    "en": 1.0,
    "zh": 0.25230144473467964,
    "ja": 0.3531790670870444,
    "de": 0.3227555714685687,
    "fr": 0.3033057364577585,
    "ru": 0.32257753159391644,
    "it": 0.24189110764908534
  }
}