{
  "baseThreshold": 100.0,
  "scalingFactors": {
    "en": 1.0,
    "zh": 0.22427187461193562,
    "ja": 0.3535459103714003,
    "de": 0.32455588167928195,
    "fr": 0.3000119903069062,
    "ru": 0.31076082309568054,
    "it": 0.23919565960339684
  }
}