{
  "baseThreshold": 100.0,
  "scalingFactors": {
    "en": 1.0,
    "zh": 0.24405154183279584,
    "ja": 0.3533914683326935,
    "de": 0.3199702162080972,
    "fr": 0.2938386153825776,
    "ru": 0.3085333241333058,
    "it": 0.23419075304176945
  }
}