{
  "baseThreshold": 100.0,
  "scalingFactors": {
    "en": 1.0,
    "zh": 0.22930639669473882,
    "ja": 0.3495393517893722,
    "de": 0.3165665009956511,
    "fr": 0.2955975152841985,
    "ru": 0.3082915431730294,
    "it": 0.23734324447293864
  }
}