{
  "baseThreshold": 100.0,
  "scalingFactors": {
    "en": 1.0,
    "zh": 0.2513274213269773,
    "ja": 0.34575334614772096,
    "de": 0.327559370415227,
    "fr": 0.3015928684892409,
    "ru": 0.31164967300800933,
    "it": 0.24288655994873007
  }
}