{
  "baseThreshold": 100.0,
  "scalingFactors": {
    "en": 1.0,
    "zh": 0.22312332155078615,
    "ja": 0.35627693222024615,
    "de": 0.32567040097105315,
    "fr": 0.30042083157138977,
    "ru": 0.31063246983311743,
    "it": 0.2390934864688917
  }
}