{
  "baseThreshold": 100.0,
  "scalingFactors": {
    "en": 1.0,
    "zh": 0.22882821865313877,
    "ja": 0.35321388981058793,
    "de": 0.3393503834007758,
    "fr": 0.3119793106366326,
    "ru": 0.31795054881319007,
    "it": 0.2570096792163
  }
}