{
  "baseThreshold": 100.0,
  "scalingFactors": {
    "en": 1.0,
    "zh": 0.22334033092890676,
    "ja": 0.3563601619262312,
    "de": 0.32489743208461613,
    "fr": 0.3001942353123489,
    "ru": 0.3103144146478073,
    "it": 0.23933271945486184
  }
}