{
  "baseThreshold": 100.0,
  "scalingFactors": {
    "en": 1.0,
    "zh": 0.2527465678202012,
    "ja": 0.35103589108255107,
    "de": 0.32332051634453457,
    "fr": 0.3006882147015708,
    "ru": 0.3190173903019302,
    "it": 0.24018117924539084
  }
}