{
  "baseThreshold": 100.0,
  "scalingFactors": {
    "en": 1.0,
    "zh": 0.2237689468298132,
    "ja": 0.3522865220298729,
    "de": 0.32039974309847347,
    "fr": 0.2987178307534771,
    "ru": 0.3091957241972911,
    "it": 0.23970128265653473
  }
}