{
  "baseThreshold": 100.0,
  "scalingFactors": {
    "en": 1.0,
    "zh": 0.2598558817625273,
    "ja": 0.3576346948999855,
    "de": 0.3242181368456018,
    "fr": 0.30612934670592284,
    "ru": 0.32704700925737634,
    "it": 0.2466080275622871
  }
}