{
  "baseThreshold": 100.0,
  "scalingFactors": {
    "en": 1.0,
    "zh": 0.2521752476208398,
    "ja": 0.3518079771151463,
    "de": 0.3221130134929878,
    "fr": 0.3008539081393132,
    "ru": 0.31989319676593764,
    "it": 0.239836423884185
  }
}