{
  "baseThreshold": 100.0,
  "scalingFactors": {
    "en": 1.0,
    "zh": 0.25247315561493194,
    "ja": 0.3546135371101549,
    "de": 0.3241806548313686,
    "fr": 0.3038657625699749,
    "ru": 0.32459632956933315,
    "it": 0.24334247734854875
  }
}