{
  "baseThreshold": 100.0,
  "scalingFactors": {
    "en": 1.0,
    "zh": 0.22918460702607657,
    "ja": 0.3536246813653374,
    "de": 0.3395632397617262,
    "fr": 0.311788474933426,
    "ru": 0.31897130297032145,
    "it": 0.2580056428682663
  }
}