{
  "baseThreshold": 100.0,
  "scalingFactors": {
    "en": 1.0,
    "zh": 0.23006091243104546,
    "ja": 0.35375926725189477,
    "de": 0.3381951060057156,
    "fr": 0.3107103239829967,
    "ru": 0.31801867987376775,
    "it": 0.25741130562971903
  }
}