{
  "baseThreshold": 100.0,
  "scalingFactors": {
    "en": 1.0,
    "zh": 0.2263589611739475,
    "ja": 0.34855603839223775,
    "de": 0.328522611837573,
    "fr": 0.30280083768505744,
    "ru": 0.31401422649268096,
    "it": 0.2459763804764919
  }
}