{
  "baseThreshold": 100.0,
  "scalingFactors": {
    "en": 1.0,
    "zh": 0.24784619731748542,
    "ja": 0.3541199329373821,
    "de": 0.31999398245144783,
    "fr": 0.29422828774270177,
    "ru": 0.3083547800195805,
    "it": 0.23404648533774813
  }
}