{
  "baseThreshold": 100.0,
  "scalingFactors": {
    "en": 1.0,
    "zh": 0.24177059060824618,
    "ja": 0.35011880650443783,
    "de": 0.3353786863322235,
    "fr": 0.30449633895191336,
    "ru": 0.3103040750829399,
    "it": 0.2509584975970134
  }
}