{
  "baseThreshold": 100.0,
  "scalingFactors": {
    "en": 1.0,
    "zh": 0.2382345564376651,
    "ja": 0.34777887254192286,
    "de": 0.31626234164665373,
    "fr": 0.2958548134931694,
    "ru": 0.3086358863310315,
    "it": 0.23760593611260414
  }
}