{
  "baseThreshold": 100.0,
  "scalingFactors": {
    "en": 1.0,
    "zh": 0.25203508544644276,
    "ja": 0.3543373464352329,
    "de": 0.32404085146181505,
    "fr": 0.30396079146531413,
    "ru": 0.3241044161790873,
    "it": 0.2433822836286943
  }
}