{
  "baseThreshold": 100.0,
  "scalingFactors": {
    "en": 1.0,
    "zh": 0.2258358209558008,
    "ja": 0.3510468308342332,
    "de": 0.32822612963712033,
    "fr": 0.3025896879232316,
    "ru": 0.313823157862903,
    "it": 0.24554828899905465
  }
}