{
  "baseThreshold": 100.0,
  "scalingFactors": {
    "en": 1.0,
    "zh": 0.25189500543438553,
    "ja": 0.3522436063318553,
    "de": 0.3223869042809654,
    "fr": 0.3017684103609551,
    "ru": 0.3206951684556639,
    "it": 0.2403594159957899
  }
}