{
  "baseThreshold": 100.0,
  "scalingFactors": {
    "en": 1.0,
    "zh": 0.2494147726859234,
    "ja": 0.3483084613201545,
    "de": 0.3283007143773985,
    "fr": 0.301455864923811,
    "ru": 0.3105711114155685,
    "it": 0.24305238282847053
  }
}