{
  "baseThreshold": 100.0,
  "scalingFactors": {
    "en": 1.0,
    "zh": 0.25490699672615286,
    "ja": 0.3555250983701014,
    "de": 0.32442880655157136,
    "fr": 0.3056569688794779,
    "ru": 0.3262923509437215,
    "it": 0.24379393340732783
  }
}