{
  "baseThreshold": 100.0,
  "scalingFactors": {
    "en": 1.0,
    "zh": 0.2524594710241373,
    "ja": 0.35579227929002555,
    "de": 0.31969030810770266,
    "fr": 0.2945849447156136,
    "ru": 0.3080974733498878,
    "it": 0.23411958459482432
  }
}