{
  "baseThreshold": 100.0,
  "scalingFactors": {
    "en": 1.0,
    "zh": 0.2563539068328834,
    "ja": 0.35665743581161063,
    "de": 0.3241835548691294,
    "fr": 0.3059453755440923,
    "ru": 0.3264879512601597,
    "it": 0.24411142538009162
  }
}