{
  "baseThreshold": 100.0,
  "scalingFactors": {
    "en": 1.0,
    "zh": 0.24081744674460523,
    "ja": 0.34771269111891684,
    "de": 0.31687013618135806,
    "fr": 0.29441585778896323,
    "ru": 0.3089652825255853,
    "it": 0.2356288659937684
  }
}