{
  "baseThreshold": 100.0,
  "scalingFactors": {
    "en": 1.0,
    "zh": 0.24247133614981414,
    "ja": 0.35277065304620076,
    "de": 0.3210606229094676,
    "fr": 0.2990389321510408,
    "ru": 0.3107274609544534,
    "it": 0.23526932673027068
  }
}