{
  "baseThreshold": 100.0,
  "scalingFactors": {
    "en": 1.0,
    "zh": 0.2420557658316772,
    "ja": 0.3525426863439655,
    "de": 0.3210156289609951,
    "fr": 0.2975365103263599,
    "ru": 0.31020089282145175,
    "it": 0.23467490685789452
  }
}