{
  "baseThreshold": 100.0,
  "scalingFactors": {
    "en": 1.0,
    "zh": 0.2262614085393899,
    "ja": 0.350906460978206,
    "de": 0.334779669794758,
    "fr": 0.3085697235273696,
    "ru": 0.3143092018971162,
    "it": 0.25473940120631255
  }
}